{"cameraMode":{"drawMode":0,"name":"Shaded","section":"Shading Mode"},"sceneLighting":false,"audioPlay":false,"sceneViewState":{"showFog":true,"showMaterialUpdate":false,"showSkybox":false,"showFlares":true,"showImageEffects":true,"showParticleSystems":true},"in2DMode":false,"pivot":{"x":-2.309999942779541,"y":24.559999465942384,"z":0.1499999761581421},"rotation":{"x":-0.0013573451433330775,"y":0.998079776763916,"z":-0.05726230889558792,"w":-0.023658130317926408},"size":4.599539279937744,"orthographic":false}