{"cameraMode":{"drawMode":0,"name":"Shaded","section":"Shading Mode"},"sceneLighting":true,"audioPlay":false,"sceneViewState":{"showFog":true,"showMaterialUpdate":false,"showSkybox":true,"showFlares":true,"showImageEffects":true,"showParticleSystems":true},"in2DMode":false,"pivot":{"x":0.5340514779090881,"y":25.10541534423828,"z":-0.9688854217529297},"rotation":{"x":-0.0013573451433330775,"y":0.998079776763916,"z":-0.05726230889558792,"w":-0.023658130317926408},"size":10.539507865905762,"orthographic":false}