{"cameraMode":{"drawMode":0,"name":"Shaded","section":"Shading Mode"},"sceneLighting":false,"audioPlay":false,"sceneViewState":{"showFog":true,"showMaterialUpdate":false,"showSkybox":false,"showFlares":true,"showImageEffects":true,"showParticleSystems":true},"in2DMode":false,"pivot":{"x":2.8399999141693117,"y":22.90999984741211,"z":-5.169152736663818},"rotation":{"x":-0.0013573451433330775,"y":0.998079776763916,"z":-0.05726230889558792,"w":-0.023658130317926408},"size":1.197038173675537,"orthographic":false}