{"cameraMode":{"drawMode":0,"name":"Shaded","section":"Shading Mode"},"sceneLighting":false,"audioPlay":false,"sceneViewState":{"showFog":true,"showMaterialUpdate":false,"showSkybox":false,"showFlares":true,"showImageEffects":true,"showParticleSystems":true},"in2DMode":false,"pivot":{"x":0.0,"y":0.47899961471557619,"z":1.9579938650131226},"rotation":{"x":0.11974798887968064,"y":-0.7478461265563965,"z":0.1390388160943985,"w":0.6383246183395386},"size":1.3021609783172608,"orthographic":false}