{"cameraMode":{"drawMode":0,"name":"Shaded","section":"Shading Mode"},"sceneLighting":false,"audioPlay":false,"sceneViewState":{"showFog":true,"showMaterialUpdate":false,"showSkybox":false,"showFlares":true,"showImageEffects":true,"showParticleSystems":true},"in2DMode":false,"pivot":{"x":-0.003327377140522003,"y":0.001664191484451294,"z":-0.00906335934996605},"rotation":{"x":0.04185224324464798,"y":0.837651252746582,"z":-0.06575930863618851,"w":0.5410202145576477},"size":1.2561988830566407,"orthographic":false}