{"cameraMode":{"drawMode":0,"name":"Shaded","section":"Shading Mode"},"sceneLighting":true,"audioPlay":false,"sceneViewState":{"showFog":true,"showMaterialUpdate":false,"showSkybox":true,"showFlares":true,"showImageEffects":true,"showParticleSystems":true},"in2DMode":false,"pivot":{"x":3.050719738006592,"y":-0.04346846044063568,"z":-2.964271068572998},"rotation":{"x":-0.12739169597625733,"y":0.6429498195648193,"z":-0.10923655331134796,"w":-0.7473753690719605},"size":47.274803161621097,"orthographic":false}