{"cameraMode":{"drawMode":0,"name":"Shaded","section":"Shading Mode"},"sceneLighting":false,"audioPlay":false,"sceneViewState":{"showFog":true,"showMaterialUpdate":false,"showSkybox":false,"showFlares":true,"showImageEffects":true,"showParticleSystems":true},"in2DMode":false,"pivot":{"x":-0.04125940799713135,"y":0.04340006411075592,"z":-0.4142599105834961},"rotation":{"x":0.048995498567819598,"y":0.812829852104187,"z":-0.06997700780630112,"w":0.5765836834907532},"size":0.49121972918510439,"orthographic":false}