{"cameraMode":{"drawMode":0,"name":"Shaded","section":"Shading Mode"},"sceneLighting":false,"audioPlay":false,"sceneViewState":{"showFog":true,"showMaterialUpdate":false,"showSkybox":false,"showFlares":true,"showImageEffects":true,"showParticleSystems":true},"in2DMode":false,"pivot":{"x":-3.021827220916748,"y":-0.7494745254516602,"z":1.426523208618164},"rotation":{"x":-0.1004115492105484,"y":0.8996214270591736,"z":-0.26729026436805727,"w":-0.3308779001235962},"size":8.171801567077637,"orthographic":false}