{"cameraMode":{"drawMode":0,"name":"Shaded","section":"Shading Mode"},"sceneLighting":false,"audioPlay":false,"sceneViewState":{"showFog":true,"showMaterialUpdate":false,"showSkybox":false,"showFlares":true,"showImageEffects":true,"showParticleSystems":true},"in2DMode":false,"pivot":{"x":174.0,"y":-23.998598098754884,"z":-35.080711364746097},"rotation":{"x":-0.2870785593986511,"y":0.6288023591041565,"z":-0.2659436762332916,"w":-0.6721609830856323},"size":10.285390853881836,"orthographic":false}