{"cameraMode":{"drawMode":0,"name":"Shaded","section":"Shading Mode"},"sceneLighting":false,"audioPlay":false,"sceneViewState":{"showFog":true,"showMaterialUpdate":false,"showSkybox":false,"showFlares":true,"showImageEffects":true,"showParticleSystems":true},"in2DMode":false,"pivot":{"x":0.13999998569488526,"y":20.93000030517578,"z":-9.109999656677246},"rotation":{"x":0.033341534435749057,"y":-0.17951300740242005,"z":-0.006081819999963045,"w":-0.9831874370574951},"size":2.8578836917877199,"orthographic":false}