{"cameraMode":{"drawMode":0,"name":"Shaded","section":"Shading Mode"},"sceneLighting":false,"audioPlay":false,"sceneViewState":{"showFog":true,"showMaterialUpdate":false,"showSkybox":false,"showFlares":true,"showImageEffects":true,"showParticleSystems":true},"in2DMode":false,"pivot":{"x":56.41508483886719,"y":141.32098388671876,"z":-22.97951889038086},"rotation":{"x":-0.14090268313884736,"y":0.5414039492607117,"z":-0.0901171937584877,"w":-0.8241782784461975},"size":6.400557041168213,"orthographic":false}