{"cameraMode":{"drawMode":0,"name":"Shaded","section":"Shading Mode"},"sceneLighting":false,"audioPlay":false,"sceneViewState":{"showFog":true,"showMaterialUpdate":false,"showSkybox":false,"showFlares":true,"showImageEffects":true,"showParticleSystems":true},"in2DMode":false,"pivot":{"x":1.7881393432617188e-7,"y":1.125000238418579,"z":0.0},"rotation":{"x":0.017912883311510087,"y":-0.10181151330471039,"z":-0.001716269413009286,"w":-0.994871973991394},"size":1.2437392473220826,"orthographic":false}