{"cameraMode":{"drawMode":0,"name":"Shaded","section":"Shading Mode"},"sceneLighting":false,"audioPlay":false,"sceneViewState":{"showFog":true,"showMaterialUpdate":false,"showSkybox":false,"showFlares":true,"showImageEffects":true,"showParticleSystems":true},"in2DMode":false,"pivot":{"x":-7.222528457641602,"y":22.92937469482422,"z":-5.9495110511779789},"rotation":{"x":-0.08740048110485077,"y":-0.045402757823467258,"z":0.003994897473603487,"w":-0.9951454997062683},"size":3.657078266143799,"orthographic":false}