{"cameraMode":{"drawMode":0,"name":"Shaded","section":"Shading Mode"},"sceneLighting":false,"audioPlay":false,"sceneViewState":{"showFog":true,"showMaterialUpdate":false,"showSkybox":false,"showFlares":true,"showImageEffects":true,"showParticleSystems":true},"in2DMode":false,"pivot":{"x":-2.312000036239624,"y":24.559999465942384,"z":-2.0},"rotation":{"x":-0.20311935245990754,"y":-0.024076765403151513,"z":0.0050041088834404949,"w":-0.9788609147071838},"size":3.2576630115509035,"orthographic":false}