{"cameraMode":{"drawMode":0,"name":"Shaded","section":"Shading Mode"},"sceneLighting":false,"audioPlay":false,"sceneViewState":{"showFog":true,"showMaterialUpdate":false,"showSkybox":false,"showFlares":true,"showImageEffects":true,"showParticleSystems":true},"in2DMode":false,"pivot":{"x":132.51437377929688,"y":45.450096130371097,"z":285.1190185546875},"rotation":{"x":0.182338684797287,"y":0.05012371763586998,"z":-0.009302346967160702,"w":0.9819307327270508},"size":583.2117309570313,"orthographic":false}