{"cameraMode":{"drawMode":0,"name":"Shaded","section":"Shading Mode"},"sceneLighting":false,"audioPlay":false,"sceneViewState":{"showFog":true,"showMaterialUpdate":false,"showSkybox":false,"showFlares":true,"showImageEffects":true,"showParticleSystems":true},"in2DMode":false,"pivot":{"x":-5.510000228881836,"y":41.04901123046875,"z":-10.555063247680664},"rotation":{"x":-0.007859742268919945,"y":0.9859595894813538,"z":-0.04581998661160469,"w":-0.16077615320682527},"size":1.881489634513855,"orthographic":false}