{"cameraMode":{"drawMode":0,"name":"Shaded","section":"Shading Mode"},"sceneLighting":true,"audioPlay":false,"sceneViewState":{"showFog":true,"showMaterialUpdate":false,"showSkybox":true,"showFlares":true,"showImageEffects":true,"showParticleSystems":true},"in2DMode":false,"pivot":{"x":-10.119277000427246,"y":-2.3164584636688234,"z":-4.038422107696533},"rotation":{"x":-0.0900973454117775,"y":-0.34785234928131106,"z":0.033608365803956988,"w":-0.9326168894767761},"size":44.663612365722659,"orthographic":false}