{"cameraMode":{"drawMode":0,"name":"Shaded","section":"Shading Mode"},"sceneLighting":false,"audioPlay":false,"sceneViewState":{"showFog":true,"showMaterialUpdate":false,"showSkybox":false,"showFlares":true,"showImageEffects":true,"showParticleSystems":true},"in2DMode":false,"pivot":{"x":81.462646484375,"y":-52.497833251953128,"z":253.09837341308595},"rotation":{"x":-0.050685249269008639,"y":-0.7706703543663025,"z":0.0619211420416832,"w":-0.6322384476661682},"size":1508.4560546875,"orthographic":false}