{"cameraMode":{"drawMode":0,"name":"Shaded","section":"Shading Mode"},"sceneLighting":false,"audioPlay":false,"sceneViewState":{"showFog":true,"showMaterialUpdate":false,"showSkybox":false,"showFlares":true,"showImageEffects":true,"showParticleSystems":true},"in2DMode":false,"pivot":{"x":2.8399999141693117,"y":22.72249984741211,"z":-5.696833610534668},"rotation":{"x":-0.20311935245990754,"y":-0.024076765403151513,"z":0.0050041088834404949,"w":-0.9788609147071838},"size":1.4992588758468629,"orthographic":false}