{"cameraMode":{"drawMode":0,"name":"Shaded","section":"Shading Mode"},"sceneLighting":false,"audioPlay":false,"sceneViewState":{"showFog":true,"showMaterialUpdate":false,"showSkybox":false,"showFlares":true,"showImageEffects":true,"showParticleSystems":true},"in2DMode":false,"pivot":{"x":0.029047489166259767,"y":0.9905414581298828,"z":0.06426185369491577},"rotation":{"x":-0.10975528508424759,"y":-0.8145354986190796,"z":0.16397573053836823,"w":-0.5456621646881104},"size":1.4969570636749268,"orthographic":false}