{"cameraMode":{"drawMode":0,"name":"Shaded","section":"Shading Mode"},"sceneLighting":false,"audioPlay":false,"sceneViewState":{"showFog":true,"showMaterialUpdate":false,"showSkybox":false,"showFlares":true,"showImageEffects":true,"showParticleSystems":true},"in2DMode":false,"pivot":{"x":-0.36454010009765627,"y":-0.4099149703979492,"z":2.502218723297119},"rotation":{"x":-0.16310831904411317,"y":-0.6240339279174805,"z":0.13542576134204865,"w":-0.7521876692771912},"size":37.80594253540039,"orthographic":false}