{"cameraMode":{"drawMode":0,"name":"Shaded","section":"Shading Mode"},"sceneLighting":false,"audioPlay":false,"sceneViewState":{"showFog":true,"showMaterialUpdate":false,"showSkybox":false,"showFlares":true,"showImageEffects":true,"showParticleSystems":true},"in2DMode":false,"pivot":{"x":-0.17454147338867188,"y":-21.76000213623047,"z":0.04000091552734375},"rotation":{"x":-0.05441172793507576,"y":-0.7015781402587891,"z":0.053261179476976398,"w":-0.7087353467941284},"size":2.8578836917877199,"orthographic":false}