{"cameraMode":{"drawMode":0,"name":"Shaded","section":"Shading Mode"},"sceneLighting":false,"audioPlay":false,"sceneViewState":{"showFog":true,"showMaterialUpdate":false,"showSkybox":false,"showFlares":true,"showImageEffects":true,"showParticleSystems":true},"in2DMode":false,"pivot":{"x":0.5372209548950195,"y":-0.5452464818954468,"z":0.09093792736530304},"rotation":{"x":0.07953592389822006,"y":0.6677834391593933,"z":-0.07280059903860092,"w":0.7368026375770569},"size":2.192314863204956,"orthographic":false}