{"cameraMode":{"drawMode":0,"name":"Shaded","section":"Shading Mode"},"sceneLighting":false,"audioPlay":false,"sceneViewState":{"showFog":true,"showMaterialUpdate":false,"showSkybox":false,"showFlares":true,"showImageEffects":true,"showParticleSystems":true},"in2DMode":false,"pivot":{"x":6.483415603637695,"y":22.550519943237306,"z":-1.431196689605713},"rotation":{"x":-0.1351579874753952,"y":-0.14714883267879487,"z":0.020309248939156534,"w":-0.9796415567398071},"size":16.915075302124025,"orthographic":false}