{"cameraMode":{"drawMode":0,"name":"Shaded","section":"Shading Mode"},"sceneLighting":false,"audioPlay":false,"sceneViewState":{"showFog":true,"showMaterialUpdate":false,"showSkybox":false,"showFlares":true,"showImageEffects":true,"showParticleSystems":true},"in2DMode":false,"pivot":{"x":0.5067540407180786,"y":-0.3677241802215576,"z":2.11905574798584},"rotation":{"x":-0.11206983029842377,"y":0.41361233592033389,"z":-0.05138777568936348,"w":-0.9020830988883972},"size":1.6775810718536378,"orthographic":false}