{"cameraMode":{"drawMode":0,"name":"Shaded","section":"Shading Mode"},"sceneLighting":false,"audioPlay":false,"sceneViewState":{"showFog":true,"showMaterialUpdate":false,"showSkybox":false,"showFlares":true,"showImageEffects":true,"showParticleSystems":true},"in2DMode":false,"pivot":{"x":-2.384185791015625e-7,"y":3.3749990463256838,"z":0.30772000551223757},"rotation":{"x":-0.05726625770330429,"y":-0.5258603692054749,"z":0.03568185120820999,"w":-0.8481619358062744},"size":4.842444896697998,"orthographic":false}