{"cameraMode":{"drawMode":0,"name":"Shaded","section":"Shading Mode"},"sceneLighting":true,"audioPlay":false,"sceneViewState":{"showFog":true,"showMaterialUpdate":false,"showSkybox":true,"showFlares":true,"showImageEffects":true,"showParticleSystems":true},"in2DMode":false,"pivot":{"x":53.724586486816409,"y":8.35147476196289,"z":-108.29610443115235},"rotation":{"x":0.02141495980322361,"y":0.9579914808273315,"z":-0.27720579504966738,"w":0.07241244614124298},"size":922.1328125,"orthographic":false}