{"cameraMode":{"drawMode":0,"name":"Shaded","section":"Shading Mode"},"sceneLighting":false,"audioPlay":false,"sceneViewState":{"showFog":true,"showMaterialUpdate":false,"showSkybox":false,"showFlares":true,"showImageEffects":true,"showParticleSystems":true},"in2DMode":false,"pivot":{"x":-0.17454147338867188,"y":-23.200002670288087,"z":0.04000091552734375},"rotation":{"x":-0.0020629488863050939,"y":-0.1899348944425583,"z":0.00040532060666009784,"w":-0.9818100333213806},"size":254.02090454101563,"orthographic":false}