{"cameraMode":{"drawMode":0,"name":"Shaded","section":"Shading Mode"},"sceneLighting":false,"audioPlay":false,"sceneViewState":{"showFog":true,"showMaterialUpdate":false,"showSkybox":false,"showFlares":true,"showImageEffects":true,"showParticleSystems":true},"in2DMode":false,"pivot":{"x":8.088531494140625,"y":-73.44587707519531,"z":65.97918701171875},"rotation":{"x":-0.007859742268919945,"y":0.9859595894813538,"z":-0.04581998661160469,"w":-0.16077615320682527},"size":2516.4375,"orthographic":false}