{"cameraMode":{"drawMode":0,"name":"Shaded","section":"Shading Mode"},"sceneLighting":false,"audioPlay":false,"sceneViewState":{"showFog":true,"showMaterialUpdate":false,"showSkybox":false,"showFlares":true,"showImageEffects":true,"showParticleSystems":true},"in2DMode":false,"pivot":{"x":21.039592742919923,"y":-34.29843521118164,"z":2298.635986328125},"rotation":{"x":0.04210280627012253,"y":-0.951769232749939,"z":0.2639945149421692,"w":0.1509639173746109},"size":7.562166690826416,"orthographic":false}